"","Location","Date","Xylazine_ngL","AveFlowrateMGD","massload_ug","Popsize","mass_per1000_ug","mass_per100k_mg"
"1","FH",2023-06-26,0,10.3,0,98505,0,0
"2","FH",2024-02-05,0,9.3,0,98505,0,0
"3","FH",2023-11-27,0,8.3,0,98505,0,0
"4","FH",2023-10-14,0.15,5.1,2895.84018,98505,29.3979004111466,2.93979004111466
"5","FH",2023-07-24,0,6.4,0,98505,0,0
"6","FH",2024-02-19,0,7.5,0,98505,0,0
"7","FH",2023-12-27,0,7,0,98505,0,0
"8","FH",2023-10-30,0,8.23,0,98505,0,0
"9","FH",2023-08-28,0,5.6,0,98505,0,0
"10","FH",2024-02-26,1.44,5.2,28345.165056,98505,287.753566377341,28.7753566377341
"11","FH",2024-01-29,0,8.1,0,98505,0,0
"12","FH",2023-11-13,0,2.4,0,98505,0,0
"13","FH",2023-09-25,0,3,0,98505,0,0
"14","FH",2024-03-04,0,1.7,0,98505,0,0
"15","FH",2024-05-13,0,5.5,0,98505,0,0
"16","FH",2024-04-22,0,10.16,0,98505,0,0
"17","FH",2024-04-03,0,7.1,0,98505,0,0
"18","FH",2024-03-11,0,2.4,0,98505,0,0
"19","FH",2024-05-20,0,6.9,0,98505,0,0
"20","FH",2024-04-29,0,6.6,0,98505,0,0
"21","FH",2024-04-08,0,2.6,0,98505,0,0
"22","FH",2024-03-18,0,6.2,0,98505,0,0
"23","FH",2024-05-29,0,5.2,0,98505,0,0
"24","FH",2024-05-06,1.07,2.7,10936.055268,98505,111.020306258566,11.1020306258566
"25","FH",2024-04-15,0,4,0,98505,0,0
"26","FH",2024-03-25,0,6.9,0,98505,0,0
"27","FH",2024-06-03,0,5.4,0,98505,0,0
"28","FH",2024-06-17,0.1,2.3,870.64476,98505,8.83858443733821,0.88385844373382
"29","FH",2024-06-24,0,1.9,0,98505,0,0
"30","FH",2024-07-08,0,3.9,0,98505,0,0
"31","HS",2023-06-26,0,13.6,0,125235,0,0
"32","HS",2024-02-05,0,10.95,0,125235,0,0
"33","HS",2023-11-27,0,12.09,0,125235,0,0
"34","HS",2023-07-24,0,12.6,0,125235,0,0
"35","HS",2024-02-19,1.29,10.58,51664.0600584,125235,412.53691107438,41.253691107438
"36","HS",2023-12-27,0.42,11.71,18617.4132984,125235,148.659825914481,14.8659825914481
"37","HS",2023-08-28,0.23,13,11318.38188,125235,90.3771460055097,9.03771460055097
"38","HS",2024-02-26,0,12.26,0,125235,0,0
"39","HS",2024-01-29,0.17,11,7078.72044,125235,56.5234993412385,5.65234993412385
"40","HS",2023-09-25,0,13.42,0,125235,0,0
"41","HS",2024-03-04,0,10.09,0,125235,0,0
"42","HS",2024-05-13,0,11.86,0,125235,0,0
"43","HS",2024-04-22,0,12.56,0,125235,0,0
"44","HS",2023-10-14,0.14,10.51,5569.8552168,125235,44.4752283051863,4.44752283051863
"45","HS",2024-03-11,0,9.79,0,125235,0,0
"46","HS",2024-05-20,0,12.5,0,125235,0,0
"47","HS",2024-04-29,0.18,12.89,8782.9129224,125235,70.131456241466,7.0131456241466
"48","HS",2023-10-30,0,13.41,0,125235,0,0
"49","HS",2024-03-18,0,9.04,0,125235,0,0
"50","HS",2024-05-29,0.2,12.27,9289.401048,125235,74.175757959037,7.4175757959037
"51","HS",2024-05-06,0,12.62,0,125235,0,0
"52","HS",2023-11-13,0,12.61,0,125235,0,0
"53","HS",2024-03-25,0.25,11.16,10561.29948,125235,84.3318519583184,8.43318519583183
"54","HS",2024-06-03,0,11.79,0,125235,0,0
"55","HS",2024-04-03,0,11.68,0,125235,0,0
"56","HS",2024-06-17,0.12,12.94,5877.9877536,125235,46.9356629823931,4.69356629823931
"57","HS",2024-04-08,0,12.25,0,125235,0,0
"58","HS",2024-06-24,0,12.29,0,125235,0,0
"59","HS",2024-04-15,0,13.61,0,125235,0,0
"60","HS",2024-07-08,0,12.22,0,125235,0,0
"61","JT",2023-06-26,0.28,8.35,8850.293256,127250,69.5504381611002,6.95504381611002
"62","JT",2024-02-05,0,10.16,0,127250,0,0
"63","JT",2023-07-24,0,10,0,127250,0,0
"64","JT",2024-02-19,0,9.16,0,127250,0,0
"65","JT",2023-08-28,0,10.9,0,127250,0,0
"66","JT",2024-02-26,0,6.02,0,127250,0,0
"67","JT",2023-09-25,0,10.16,0,127250,0,0
"68","JT",2024-03-04,0,9.94,0,127250,0,0
"69","JT",2024-05-13,0,11.06,0,127250,0,0
"70","JT",2023-11-27,0,8.83,0,127250,0,0
"71","JT",2023-10-14,0,12.9,0,127250,0,0
"72","JT",2024-03-11,0,10.31,0,127250,0,0
"73","JT",2024-05-20,0,9.87,0,127250,0,0
"74","JT",2023-12-27,0,7.43,0,127250,0,0
"75","JT",2023-10-30,0,8.22,0,127250,0,0
"76","JT",2024-03-18,0,9.04,0,127250,0,0
"77","JT",2024-05-29,0,9.26,0,127250,0,0
"78","JT",2024-01-29,0,7.24,0,127250,0,0
"79","JT",2023-11-13,0.27,8.12,8299.1372688,127250,65.219153389391,6.5219153389391
"80","JT",2024-03-25,0,9.06,0,127250,0,0
"81","JT",2024-06-03,0,10.42,0,127250,0,0
"82","JT",2024-04-22,0,9.63,0,127250,0,0
"83","JT",2024-04-03,0,10.65,0,127250,0,0
"84","JT",2024-06-17,0,7.68,0,127250,0,0
"85","JT",2024-04-29,0,9.4,0,127250,0,0
"86","JT",2024-04-08,0,9.78,0,127250,0,0
"87","JT",2024-06-24,0,10.39,0,127250,0,0
"88","JT",2024-05-06,0,9.9,0,127250,0,0
"89","JT",2024-04-15,0,8.66,0,127250,0,0
"90","JT",2024-07-08,0.17,9.96,6409.4595984,127250,50.3690341721022,5.03690341721022
"91","RB",2023-06-26,0,25.98,0,399424,0,0
"92","RB",2023-07-24,0,27.61,0,399424,0,0
"93","RB",2023-08-28,0,28.18,0,399424,0,0
"94","RB",2023-09-25,0,27.74,0,399424,0,0
"95","RB",2024-03-04,0,26.24,0,399424,0,0
"96","RB",2024-02-05,0,28.21,0,399424,0,0
"97","RB",2023-11-27,0,28.21,0,399424,0,0
"98","RB",2023-10-14,0,26.13,0,399424,0,0
"99","RB",2024-03-11,0,26.34,0,399424,0,0
"100","RB",2024-02-19,0,27.52,0,399424,0,0
"101","RB",2023-12-27,0,27.22,0,399424,0,0
"102","RB",2023-10-30,0,27.8,0,399424,0,0
"103","RB",2024-03-18,0,27.13,0,399424,0,0
"104","RB",2024-02-26,0,27.55,0,399424,0,0
"105","RB",2024-01-29,0,28.1,0,399424,0,0
"106","RB",2023-11-13,0,28.17,0,399424,0,0
"107","RB",2024-03-25,0,27.05,0,399424,0,0
"108","RB",2024-06-03,0,27,0,399424,0,0
"109","RB",2024-05-13,0,26.46,0,399424,0,0
"110","RB",2024-04-22,0,26.59,0,399424,0,0
"111","RB",2024-04-03,0,26.62,0,399424,0,0
"112","RB",2024-06-17,0,27.14,0,399424,0,0
"113","RB",2024-05-20,0,27.28,0,399424,0,0
"114","RB",2024-04-29,0,26.69,0,399424,0,0
"115","RB",2024-04-08,0,27.45,0,399424,0,0
"116","RB",2024-06-24,0,27.22,0,399424,0,0
"117","RB",2024-05-29,0,27.92,0,399424,0,0
"118","RB",2024-05-06,0,26.33,0,399424,0,0
"119","RB",2024-04-15,0,26.91,0,399424,0,0
"120","RB",2024-07-08,0,27.43,0,399424,0,0
